{"cameraMode":{"drawMode":0,"name":"Shaded","section":"Shading Mode"},"sceneLighting":false,"audioPlay":false,"sceneViewState":{"m_AlwaysRefresh":false,"showFog":true,"showSkybox":false,"showFlares":true,"showImageEffects":true,"showParticleSystems":true,"showVisualEffectGraphs":true,"m_FxEnabled":true},"in2DMode":false,"pivot":{"x":-0.6311910152435303,"y":0.5072200298309326,"z":-0.09085626900196076},"rotation":{"x":0.19890601933002473,"y":-0.589536726474762,"z":0.15095745027065278,"w":0.7684951424598694},"size":0.42990386486053469,"orthographic":false}