{"cameraMode":{"drawMode":0,"name":"Shaded","section":"Shading Mode"},"sceneLighting":false,"audioPlay":false,"sceneViewState":{"m_AlwaysRefresh":false,"showFog":true,"showSkybox":false,"showFlares":true,"showImageEffects":true,"showParticleSystems":true,"showVisualEffectGraphs":true,"m_FxEnabled":true},"in2DMode":false,"pivot":{"x":-1.0474787950515748,"y":4.502200126647949,"z":-1.1303365230560303},"rotation":{"x":0.38135963678359988,"y":0.14334243535995484,"z":-0.05993634834885597,"w":0.9113427400588989},"size":1.5387513637542725,"orthographic":false}