{"cameraMode":{"drawMode":0,"name":"Shaded","section":"Shading Mode"},"sceneLighting":false,"audioPlay":false,"sceneViewState":{"m_AlwaysRefresh":false,"showFog":true,"showSkybox":false,"showFlares":true,"showImageEffects":true,"showParticleSystems":true,"showVisualEffectGraphs":true,"m_FxEnabled":true},"in2DMode":false,"pivot":{"x":-0.23488295078277589,"y":0.5459116697311401,"z":0.9486403465270996},"rotation":{"x":-0.053682830184698108,"y":0.9330608248710632,"z":-0.15713146328926087,"w":-0.31929293274879458},"size":1.7612485885620118,"orthographic":false}