{"cameraMode":{"drawMode":0,"name":"Shaded","section":"Shading Mode"},"sceneLighting":false,"audioPlay":false,"sceneViewState":{"m_AlwaysRefresh":false,"showFog":true,"showSkybox":false,"showFlares":true,"showImageEffects":true,"showParticleSystems":true,"showVisualEffectGraphs":true,"m_FxEnabled":true},"in2DMode":false,"pivot":{"x":2.1446046829223635,"y":0.2856738567352295,"z":7.3243255615234379},"rotation":{"x":-0.13297683000564576,"y":-0.12155481427907944,"z":0.017174456268548967,"w":-0.9840540885925293},"size":4.869287490844727,"orthographic":false}