{"cameraMode":{"drawMode":0,"name":"Shaded","section":"Shading Mode"},"sceneLighting":false,"audioPlay":false,"sceneViewState":{"m_AlwaysRefresh":false,"showFog":true,"showSkybox":false,"showFlares":true,"showImageEffects":true,"showParticleSystems":true,"showVisualEffectGraphs":true,"m_FxEnabled":true},"in2DMode":false,"pivot":{"x":0.5688166618347168,"y":0.3876934051513672,"z":0.4258689880371094},"rotation":{"x":-0.07584790885448456,"y":0.9063764214515686,"z":-0.3728759288787842,"w":-0.18412013351917268},"size":2.138751268386841,"orthographic":false}