{"cameraMode":{"drawMode":0,"name":"Shaded","section":"Shading Mode"},"sceneLighting":false,"audioPlay":false,"sceneViewState":{"m_AlwaysRefresh":false,"showFog":true,"showSkybox":false,"showFlares":true,"showImageEffects":true,"showParticleSystems":true,"showVisualEffectGraphs":true,"m_FxEnabled":true},"in2DMode":false,"pivot":{"x":-1.5233865976333619,"y":0.15629839897155763,"z":0.8686965107917786},"rotation":{"x":-0.29206231236457827,"y":0.5283188223838806,"z":-0.20002123713493348,"w":-0.771821916103363},"size":1.8387513160705567,"orthographic":false}