{"cameraMode":{"drawMode":0,"name":"Shaded","section":"Shading Mode"},"sceneLighting":false,"audioPlay":false,"sceneViewState":{"m_AlwaysRefresh":false,"showFog":true,"showSkybox":false,"showFlares":true,"showImageEffects":true,"showParticleSystems":true,"showVisualEffectGraphs":true,"m_FxEnabled":true},"in2DMode":false,"pivot":{"x":0.046336829662323,"y":0.12318003177642822,"z":-0.025586307048797609},"rotation":{"x":0.12297680228948593,"y":0.8570979833602905,"z":-0.24032266438007356,"w":0.43910184502601626},"size":0.3073950409889221,"orthographic":false}