{"cameraMode":{"drawMode":0,"name":"Shaded","section":"Shading Mode"},"sceneLighting":false,"audioPlay":false,"sceneViewState":{"m_AlwaysRefresh":false,"showFog":true,"showSkybox":false,"showFlares":true,"showImageEffects":true,"showParticleSystems":true,"showVisualEffectGraphs":true,"m_FxEnabled":true},"in2DMode":false,"pivot":{"x":1.7744667530059815,"y":-3.7115237712860109,"z":-14.29666805267334},"rotation":{"x":0.009985409677028656,"y":0.9871826767921448,"z":-0.15158198773860932,"w":0.05952299386262894},"size":8.117197036743164,"orthographic":false}