{"cameraMode":{"drawMode":0,"name":"Shaded","section":"Shading Mode"},"sceneLighting":false,"audioPlay":false,"sceneViewState":{"m_AlwaysRefresh":false,"showFog":true,"showSkybox":false,"showFlares":true,"showImageEffects":true,"showParticleSystems":true,"showVisualEffectGraphs":true,"m_FxEnabled":true},"in2DMode":false,"pivot":{"x":-0.22332417964935304,"y":-0.5237969160079956,"z":-1.300234317779541},"rotation":{"x":-0.006437479984015226,"y":0.9927160143852234,"z":-0.058429449796676639,"w":-0.10658887773752213},"size":2.350440263748169,"orthographic":false}