{"cameraMode":{"drawMode":0,"name":"Shaded","section":"Shading Mode"},"sceneLighting":false,"audioPlay":false,"sceneViewState":{"m_AlwaysRefresh":false,"showFog":true,"showSkybox":false,"showFlares":true,"showImageEffects":true,"showParticleSystems":true,"showVisualEffectGraphs":true,"m_FxEnabled":true},"in2DMode":false,"pivot":{"x":1.0944751501083375,"y":1.3763048648834229,"z":-0.05282212793827057},"rotation":{"x":0.10050753504037857,"y":0.7141434550285339,"z":-0.10494827479124069,"w":0.6849668025970459},"size":2.350440263748169,"orthographic":false}