{"cameraMode":{"drawMode":0,"name":"Shaded","section":"Shading Mode"},"sceneLighting":false,"audioPlay":false,"sceneViewState":{"m_AlwaysRefresh":false,"showFog":true,"showSkybox":false,"showFlares":true,"showImageEffects":true,"showParticleSystems":true,"showVisualEffectGraphs":true,"m_FxEnabled":true},"in2DMode":false,"pivot":{"x":-1.1182185411453248,"y":1.323126196861267,"z":0.42653653025627139},"rotation":{"x":0.2637423574924469,"y":0.6525028347969055,"z":-0.26062890887260439,"w":0.6610824465751648},"size":1.6286497116088868,"orthographic":false}