{"cameraMode":{"drawMode":0,"name":"Shaded","section":"Shading Mode"},"sceneLighting":false,"audioPlay":false,"sceneViewState":{"m_AlwaysRefresh":false,"showFog":true,"showSkybox":false,"showFlares":true,"showImageEffects":true,"showParticleSystems":true,"showVisualEffectGraphs":true,"m_FxEnabled":true},"in2DMode":false,"pivot":{"x":1.3219746351242066,"y":-0.8520307540893555,"z":1.7523581981658936},"rotation":{"x":0.3401015102863312,"y":0.30273836851119997,"z":-0.11687115579843521,"w":0.8827843070030212},"size":3.1286494731903078,"orthographic":false}