{"cameraMode":{"drawMode":0,"name":"Shaded","section":"Shading Mode"},"sceneLighting":false,"audioPlay":false,"sceneViewState":{"m_AlwaysRefresh":false,"showFog":true,"showSkybox":false,"showFlares":true,"showImageEffects":true,"showParticleSystems":true,"showVisualEffectGraphs":true,"m_FxEnabled":true},"in2DMode":false,"pivot":{"x":0.11461290717124939,"y":-5.741095066070557,"z":-21.20487403869629},"rotation":{"x":-0.0052034310065209869,"y":-0.9928568601608276,"z":0.13692930340766908,"w":0.001359125948511064},"size":11.36549186706543,"orthographic":false}