{"cameraMode":{"drawMode":0,"name":"Shaded","section":"Shading Mode"},"sceneLighting":false,"audioPlay":false,"sceneViewState":{"m_AlwaysRefresh":false,"showFog":true,"showSkybox":false,"showFlares":true,"showImageEffects":true,"showParticleSystems":true,"showVisualEffectGraphs":true,"m_FxEnabled":true},"in2DMode":false,"pivot":{"x":0.7045278549194336,"y":0.554621696472168,"z":-0.35676759481430056},"rotation":{"x":-0.0563482791185379,"y":-0.9213284850120544,"z":0.35522225499153139,"w":-0.14934460818767548},"size":1.3299038410186768,"orthographic":false}