{"cameraMode":{"drawMode":0,"name":"Shaded","section":"Shading Mode"},"sceneLighting":false,"audioPlay":false,"sceneViewState":{"m_AlwaysRefresh":false,"showFog":true,"showSkybox":false,"showFlares":true,"showImageEffects":true,"showParticleSystems":true,"showVisualEffectGraphs":true,"m_FxEnabled":true},"in2DMode":false,"pivot":{"x":1.0621486902236939,"y":0.8767247796058655,"z":0.160386860370636},"rotation":{"x":-0.23249384760856629,"y":0.4289921820163727,"z":-0.11429063230752945,"w":-0.8659833669662476},"size":2.0249998569488527,"orthographic":false}