{"cameraMode":{"drawMode":0,"name":"Shaded","section":"Shading Mode"},"sceneLighting":false,"audioPlay":false,"sceneViewState":{"m_AlwaysRefresh":false,"showFog":true,"showSkybox":false,"showFlares":true,"showImageEffects":true,"showParticleSystems":true,"showVisualEffectGraphs":true,"m_FxEnabled":true},"in2DMode":false,"pivot":{"x":1.6460942029953004,"y":-0.3941453695297241,"z":-1.737053394317627},"rotation":{"x":-0.020047543570399286,"y":-0.9798340797424316,"z":0.1610310673713684,"w":-0.12089649587869644},"size":3.4499998092651369,"orthographic":false}