{"cameraMode":{"drawMode":0,"name":"Shaded","section":"Shading Mode"},"sceneLighting":false,"audioPlay":false,"sceneViewState":{"m_AlwaysRefresh":false,"showFog":true,"showSkybox":false,"showFlares":true,"showImageEffects":true,"showParticleSystems":true,"showVisualEffectGraphs":true,"m_FxEnabled":true},"in2DMode":false,"pivot":{"x":1.281173586845398,"y":0.5992633700370789,"z":0.251726895570755},"rotation":{"x":-0.008689929731190205,"y":-0.6812529563903809,"z":-0.011358498595654965,"w":0.7327535152435303},"size":0.7647868990898132,"orthographic":false}