{"cameraMode":{"drawMode":0,"name":"Shaded","section":"Shading Mode"},"sceneLighting":false,"audioPlay":false,"sceneViewState":{"m_AlwaysRefresh":false,"showFog":true,"showSkybox":false,"showFlares":true,"showImageEffects":true,"showParticleSystems":true,"showVisualEffectGraphs":true,"m_FxEnabled":true},"in2DMode":false,"pivot":{"x":1.0586496591567994,"y":0.9855203032493591,"z":-1.493654727935791},"rotation":{"x":0.2938646674156189,"y":0.15154950320720673,"z":-0.04956553503870964,"w":0.9431203603744507},"size":1.9647867679595948,"orthographic":false}