{"cameraMode":{"drawMode":0,"name":"Shaded","section":"Shading Mode"},"sceneLighting":false,"audioPlay":false,"sceneViewState":{"m_AlwaysRefresh":false,"showFog":true,"showSkybox":false,"showFlares":true,"showImageEffects":true,"showParticleSystems":true,"showVisualEffectGraphs":true,"m_FxEnabled":true},"in2DMode":false,"pivot":{"x":0.15590061247348786,"y":-0.23121802508831025,"z":-0.8270808458328247},"rotation":{"x":0.3657029867172241,"y":-0.04037991538643837,"z":0.01356483343988657,"w":0.9304226040840149},"size":0.7647868990898132,"orthographic":false}