{"cameraMode":{"drawMode":0,"name":"Shaded","section":"Shading Mode"},"sceneLighting":false,"audioPlay":false,"sceneViewState":{"m_AlwaysRefresh":false,"showFog":true,"showSkybox":false,"showFlares":true,"showImageEffects":true,"showParticleSystems":true,"showVisualEffectGraphs":true,"m_FxEnabled":true},"in2DMode":false,"pivot":{"x":0.7833899259567261,"y":0.4417208433151245,"z":-1.9819265604019166},"rotation":{"x":0.4621443450450897,"y":0.10191679745912552,"z":-0.05612099915742874,"w":0.8798543214797974},"size":1.0647869110107422,"orthographic":false}