{"cameraMode":{"drawMode":0,"name":"Shaded","section":"Shading Mode"},"sceneLighting":false,"audioPlay":false,"sceneViewState":{"m_AlwaysRefresh":false,"showFog":true,"showSkybox":false,"showFlares":true,"showImageEffects":true,"showParticleSystems":true,"showVisualEffectGraphs":true,"m_FxEnabled":true},"in2DMode":false,"pivot":{"x":3.6787378787994386,"y":-4.841072082519531,"z":-4.790452480316162},"rotation":{"x":0.049861811101436618,"y":0.9158382415771484,"z":-0.38000786304473879,"w":0.12019103765487671},"size":6.451512336730957,"orthographic":false}