{"cameraMode":{"drawMode":0,"name":"Shaded","section":"Shading Mode"},"sceneLighting":false,"audioPlay":false,"sceneViewState":{"m_AlwaysRefresh":false,"showFog":true,"showSkybox":false,"showFlares":true,"showImageEffects":true,"showParticleSystems":true,"showVisualEffectGraphs":true,"m_FxEnabled":true},"in2DMode":false,"pivot":{"x":-2.350532293319702,"y":2.0095670223236086,"z":1.4986989498138428},"rotation":{"x":0.18076860904693604,"y":0.7992367744445801,"z":-0.292042076587677,"w":0.49425774812698367},"size":0.007395029067993164,"orthographic":false}