{"cameraMode":{"drawMode":0,"name":"Shaded","section":"Shading Mode"},"sceneLighting":false,"audioPlay":false,"sceneViewState":{"m_AlwaysRefresh":false,"showFog":true,"showSkybox":false,"showFlares":true,"showImageEffects":true,"showParticleSystems":true,"showVisualEffectGraphs":true,"m_FxEnabled":true},"in2DMode":false,"pivot":{"x":0.013057053089141846,"y":-1.047785997390747,"z":-0.2356257438659668},"rotation":{"x":-0.0038024515379220249,"y":0.9924305081367493,"z":-0.12360280752182007,"w":-0.029720110818743707},"size":1.9757447242736817,"orthographic":false}