{"cameraMode":{"drawMode":0,"name":"Shaded","section":"Shading Mode"},"sceneLighting":true,"audioPlay":false,"sceneViewState":{"m_AlwaysRefresh":false,"showFog":true,"showSkybox":true,"showFlares":true,"showImageEffects":true,"showParticleSystems":true,"showVisualEffectGraphs":true,"m_FxEnabled":true},"in2DMode":false,"pivot":{"x":6.553161144256592,"y":-3.874776840209961,"z":4.1176042556762699},"rotation":{"x":0.40031957626342776,"y":0.40159544348716738,"z":-0.19883763790130616,"w":0.8021846413612366},"size":16.918134689331056,"orthographic":false}