{"cameraMode":{"drawMode":0,"name":"Shaded","section":"Shading Mode"},"sceneLighting":true,"audioPlay":false,"sceneViewState":{"m_AlwaysRefresh":false,"showFog":true,"showSkybox":true,"showFlares":true,"showImageEffects":true,"showParticleSystems":true,"showVisualEffectGraphs":true,"m_FxEnabled":true},"in2DMode":false,"pivot":{"x":0.05289161205291748,"y":-0.836273193359375,"z":1.5053095817565919},"rotation":{"x":-0.5091399550437927,"y":-0.3385019600391388,"z":0.22733819484710694,"w":-0.7583054304122925},"size":2.8105907440185549,"orthographic":false}