{"cameraMode":{"drawMode":0,"name":"Shaded","section":"Shading Mode"},"sceneLighting":true,"audioPlay":false,"sceneViewState":{"m_AlwaysRefresh":false,"showFog":true,"showSkybox":true,"showFlares":true,"showImageEffects":true,"showParticleSystems":true,"showVisualEffectGraphs":true,"m_FxEnabled":true},"in2DMode":false,"pivot":{"x":-10.310391426086426,"y":-0.17238187789916993,"z":4.789158821105957},"rotation":{"x":0.1976129710674286,"y":-0.8264250755310059,"z":0.39252668619155886,"w":0.3597353398799896},"size":11.480066299438477,"orthographic":false}