{"cameraMode":{"drawMode":0,"name":"Shaded","section":"Shading Mode"},"sceneLighting":false,"audioPlay":false,"sceneViewState":{"m_AlwaysRefresh":false,"showFog":true,"showSkybox":false,"showFlares":true,"showImageEffects":true,"showParticleSystems":true,"showVisualEffectGraphs":true,"m_FxEnabled":true},"in2DMode":false,"pivot":{"x":18.640506744384767,"y":0.43998032808303835,"z":3.251657724380493},"rotation":{"x":-0.0044283755123615269,"y":0.643029510974884,"z":0.0035783653147518636,"w":0.7660043239593506},"size":9.631092071533204,"orthographic":false}