{"cameraMode":{"drawMode":0,"name":"Shaded","section":"Shading Mode"},"sceneLighting":false,"audioPlay":false,"sceneViewState":{"m_AlwaysRefresh":false,"showFog":true,"showSkybox":false,"showFlares":true,"showImageEffects":true,"showParticleSystems":true,"showVisualEffectGraphs":true,"m_FxEnabled":true},"in2DMode":false,"pivot":{"x":1.1418828964233399,"y":-3.0631227493286135,"z":-2.3431594371795656},"rotation":{"x":0.039340484887361529,"y":0.8719037771224976,"z":-0.48292142152786257,"w":0.07104939967393875},"size":5.365423202514648,"orthographic":false}