{"cameraMode":{"drawMode":0,"name":"Shaded","section":"Shading Mode"},"sceneLighting":false,"audioPlay":false,"sceneViewState":{"m_AlwaysRefresh":false,"showFog":true,"showSkybox":false,"showFlares":true,"showImageEffects":true,"showParticleSystems":true,"showVisualEffectGraphs":true,"m_FxEnabled":true},"in2DMode":false,"pivot":{"x":0.06644445657730103,"y":0.0448000431060791,"z":0.18585626780986787},"rotation":{"x":0.6780789494514465,"y":0.004435303155332804,"z":0.0019157377537339926,"w":0.7380768656730652},"size":1.7827293872833253,"orthographic":false}