{"cameraMode":{"drawMode":0,"name":"Shaded","section":"Shading Mode"},"sceneLighting":false,"audioPlay":false,"sceneViewState":{"m_AlwaysRefresh":false,"showFog":true,"showSkybox":false,"showFlares":true,"showImageEffects":true,"showParticleSystems":true,"showVisualEffectGraphs":true,"m_FxEnabled":true},"in2DMode":false,"pivot":{"x":0.5638146996498108,"y":-0.5299714207649231,"z":-1.0043915510177613},"rotation":{"x":0.07094617187976837,"y":0.9290271997451782,"z":-0.25146496295928957,"w":0.26257139444351199},"size":1.0486116409301758,"orthographic":false}