{"cameraMode":{"drawMode":0,"name":"Shaded","section":"Shading Mode"},"sceneLighting":false,"audioPlay":false,"sceneViewState":{"m_AlwaysRefresh":false,"showFog":true,"showSkybox":false,"showFlares":true,"showImageEffects":true,"showParticleSystems":true,"showVisualEffectGraphs":true,"m_FxEnabled":true},"in2DMode":false,"pivot":{"x":-0.20256063342094422,"y":-2.923443078994751,"z":-0.40355777740478518},"rotation":{"x":-0.19574898481369019,"y":-0.7467237114906311,"z":0.24877093732357026,"w":-0.5858944654464722},"size":3.5442137718200685,"orthographic":false}