{"cameraMode":{"drawMode":0,"name":"Shaded","section":"Shading Mode"},"sceneLighting":false,"audioPlay":false,"sceneViewState":{"m_AlwaysRefresh":false,"showFog":true,"showSkybox":false,"showFlares":true,"showImageEffects":true,"showParticleSystems":true,"showVisualEffectGraphs":true,"m_FxEnabled":true},"in2DMode":false,"pivot":{"x":-0.5355297923088074,"y":-0.706041157245636,"z":1.516472578048706},"rotation":{"x":-0.21530482172966004,"y":0.013790222816169262,"z":-0.0032716391142457725,"w":-0.9769898056983948},"size":2.0442140102386476,"orthographic":false}